ka_bp,levant_phases,levant_per_ka,levant_per_ka_taph,levant_per_ka_q05,levant_per_ka_q95
0,2.4418,4.8836,5.6820,4.0000,6.0000
1,1.5580,1.5580,2.6377,1.0000,2.0000
2,1.3700,1.3700,3.3953,1.0000,2.0500
3,17.5691,17.5691,58.7128,16.0000,19.0000
4,15.7250,15.7250,67.2030,13.0000,18.0000
5,31.2472,31.2472,164.5737,28.0000,35.0000
6,56.9535,56.9535,359.7179,52.0000,61.0000
7,51.9982,51.9982,385.6631,47.0000,57.0000
8,55.6828,55.6828,476.9742,51.0000,61.0000
9,61.9747,61.9747,604.8865,57.0000,67.0000
10,49.2330,49.2329,541.4268,44.0000,54.0000
11,34.7913,34.7913,427.0577,29.0000,39.0000
12,26.4551,26.4551,359.5542,22.0000,32.0000
13,25.4137,25.4137,379.7899,21.0000,30.0000
14,16.2908,16.2908,266.0774,12.9500,20.0000
15,12.5823,12.5823,223.4093,9.0000,16.0000
16,11.5951,11.5951,222.7601,9.0000,15.0000
17,4.5469,4.5469,94.1178,2.9500,7.0000
18,7.2519,7.2519,161.1183,4.9500,10.0000
19,13.0443,13.0443,310.0047,10.0000,16.0000
20,6.7879,6.7879,172.0226,4.0000,9.0000
21,4.6900,4.6900,126.3849,3.0000,7.0000
22,7.3843,4.9229,142.7287,3.3333,6.6667
24,9.8653,4.9327,157.4779,3.5000,6.5000
26,8.1734,4.0867,144.5570,2.5000,5.5000
28,8.4024,4.2012,163.4970,3.0000,5.5000
30,7.2302,3.6151,153.8391,2.5000,5.0000
32,6.7069,3.3535,155.2054,2.0000,5.0000
34,13.9215,6.9608,348.7091,5.0000,9.0000
36,13.2977,6.6489,359.0014,4.5000,9.0000
38,12.4609,6.2305,361.2011,4.0000,8.5000
40,22.4518,11.2259,696.3533,9.0000,13.5000
42,15.5940,7.7970,515.8849,5.5000,10.0000
44,6.9838,3.4919,245.7337,2.0000,5.0250
46,4.0345,2.0172,150.5925,0.5000,3.5000
48,3.0047,1.5023,118.6886,0.5000,3.0000
50,2.3518,1.1759,98.0944,0.0000,2.5000
52,2.2305,1.1152,98.0393,0.0000,2.5000
54,2.1322,1.0661,98.5692,0.0000,2.5000
56,1.8999,0.9500,92.2191,0.0000,2.0000
58,1.8956,0.9478,96.4426,0.0000,2.0000
60,1.7701,0.8851,94.2529,0.0000,2.0000
62,1.5045,0.7522,83.7184,0.0000,1.5000
64,1.1830,0.5915,68.7049,0.0000,1.5000
66,0.9147,0.4573,55.3700,0.0000,1.5000
68,0.7451,0.3725,46.9547,0.0000,1.0000
70,0.6536,0.3268,42.8319,0.0000,1.0000
72,0.6151,0.3075,41.8734,0.0000,1.0000
74,0.7488,0.3744,52.8996,0.0000,1.0000
76,0.7980,0.3990,58.4508,0.0000,1.0000
78,0.5663,0.2832,42.9662,0.0000,1.0000
80,0.5351,0.2676,42.0163,0.0000,1.0000
82,0.5655,0.2828,45.9135,0.0000,1.0000
84,0.6084,0.3042,51.0394,0.0000,1.0000
86,0.6550,0.3275,56.7333,0.0000,1.0000
88,0.6998,0.3499,62.5304,0.0000,1.0000
90,0.7390,0.3695,68.0838,0.0000,1.0000
92,0.7705,0.3852,73.1380,0.0000,1.0000
94,0.7928,0.3964,77.4927,0.0000,1.0000
96,0.8049,0.4025,80.9625,0.0000,1.0000
98,0.8058,0.4029,83.3626,0.0000,1.0000
100,0.7948,0.3974,84.5151,0.0000,1.0000
102,0.7712,0.3856,84.2551,0.0000,1.0000
104,0.7349,0.3674,82.4403,0.0000,1.0000
106,0.6862,0.3431,78.9990,0.0000,1.0000
108,0.6267,0.3133,74.0170,0.0000,1.0000
110,0.5599,0.2800,67.8088,0.0000,1.0000
112,0.4907,0.2453,60.9022,0.0000,1.0000
114,0.4241,0.2121,53.9281,0.0000,0.5250
116,0.3646,0.1823,47.4780,0.0000,0.5250
118,0.3151,0.1576,42.0027,0.0000,1.0000
120,0.2770,0.1385,37.7805,0.0000,0.5000
